JENIS,BIL,HARI KELEPASAN AM,TARIKH,HARI,W.P.K.LUMPUR,W.P.LABUAN,W.P.PUTRAJAYA,JOHOR,KEDAH,KELANTAN,MELAKA,N.SEMBILAN,PAHANG,PERAK,PERLIS,P.PINANG,SABAH,SARAWAK,SELANGOR,TERENGGANU
PERSEKUTUAN,1,Tahun Baharu Cina,17 Februari,Selasa,√,√,√,√,√,√,√,√,√,√,√,√,√,√,√,√
PERSEKUTUAN,2,Tahun Baharu Cina (Hari Kedua),18 Februari,Rabu,√,√,√,√,√,√,√,√,√,√,√,√,√,√,√,√
PERSEKUTUAN,3,Hari Raya Puasa *,21 Mac,Sabtu,√,√,√,√,√,√,√,√,√,√,√,√,√,√,√,√
PERSEKUTUAN,4,Hari Raya Puasa (Hari Kedua) *,22 Mac,Ahad,√,√,√,√,√,√,√,√,√,√,√,√,√,√,√,√
PERSEKUTUAN,5,Hari Pekerja,1 Mei,Jumaat,√,√,√,√,√,√,√,√,√,√,√,√,√,√,√,√
PERSEKUTUAN,6,Hari Raya Qurban *,27 Mei,Rabu,√,√,√,√,√,√,√,√,√,√,√,√,√,√,√,√
PERSEKUTUAN,7,Hari Raya Qurban (Hari Kedua) *,28 Mei,Khamis,√,√,√,√,√,√,√,√,√,√,√,√,√,√,√,√
PERSEKUTUAN,8,Hari Wesak,31 Mei,Ahad,√,√,√,√,√,√,√,√,√,√,√,√,√,√,√,√
PERSEKUTUAN,9,Hari Keputeraan Rasmi Seri Paduka Baginda Yang di-Pertuan Agong,1 Jun,Isnin,√,√,√,√,√,√,√,√,√,√,√,√,√,√,√,√
PERSEKUTUAN,10,Awal Muharam (Maal Hijrah),17 Jun,Rabu,√,√,√,√,√,√,√,√,√,√,√,√,√,√,√,√
PERSEKUTUAN,11,Hari Keputeraan Nabi Muhammad S.A.W. (Maulidur Rasul),25 Ogos,Selasa,√,√,√,√,√,√,√,√,√,√,√,√,√,√,√,√
PERSEKUTUAN,12,Hari Kebangsaan,31 Ogos,Isnin,√,√,√,√,√,√,√,√,√,√,√,√,√,√,√,√
PERSEKUTUAN,13,Hari Malaysia,16 September,Rabu,√,√,√,√,√,√,√,√,√,√,√,√,√,√,√,√
PERSEKUTUAN,14,Hari Deepavali *,8 November,Ahad,√,√,√,√,√,√,√,√,√,√,√,√,√,-,√,√
PERSEKUTUAN,15,Hari Krismas,25 Disember,Jumaat,√,√,√,√,√,√,√,√,√,√,√,√,√,√,√,√
NEGERI,1,Tahun Baharu 2026,1 Januari,Khamis,√,√,√,-,-,-,√,√,√,√,-,√,√,√,√,-
NEGERI,2,Hari Keputeraan Yang di-Pertuan Besar Negeri Sembilan,14 Januari,Rabu,-,-,-,-,-,-,-,√,-,-,-,-,-,-,-,-
NEGERI,3,Israk dan Mikraj,17 Januari,Sabtu,-,-,-,-,√,-,-,√,-,-,√,-,-,-,-,√
NEGERI,4,Hari Thaipusam,1 Februari,Ahad,√,-,√,√,-,-,-,√,-,√,-,√,-,-,√,-
NEGERI,5,Hari Wilayah Persekutuan,1 Februari,Ahad,√,√,√,-,-,-,-,-,-,-,-,-,-,-,-,-
NEGERI,6,Tahun Baharu Cina (Hari Kedua),18 Februari,Rabu,-,-,-,-,-,√,-,-,-,-,-,-,-,-,-,√
NEGERI,7,Awal Ramadan *,19 Februari,Khamis,-,-,-,√,√,-,-,-,-,-,-,-,-,-,-,-
NEGERI,8,Hari Pengisytiharan Tarikh Kemerdekaan,20 Februari,Jumaat,-,-,-,-,-,-,√,-,-,-,-,-,-,-,-,-
NEGERI,9,Hari Ulang Tahun Pertabalan Sultan Terengganu,4 Mac,Rabu,-,-,-,-,-,-,-,-,-,-,-,-,-,-,-,√
NEGERI,10,Hari Nuzul Al-Quran,7 Mac,Sabtu,√,√,√,-,-,√,-,-,√,√,√,√,-,-,√,√
NEGERI,11,Hari Keputeraan Sultan Johor,23 Mac,Isnin,-,-,-,√,-,-,-,-,-,-,-,-,-,-,-,-
NEGERI,12,Hari Raya Puasa (Hari Ketiga),23 Mac,Isnin,-,-,-,-,-,-,√,-,-,-,-,-,-,-,-,-
NEGERI,13,Hari Jadi Yang di-Pertua Negeri Sabah,30 Mac,Isnin,-,-,-,-,-,-,-,-,-,-,-,-,√,-,-,-
NEGERI,14,Good Friday,3 April,Jumaat,-,-,-,-,-,-,-,-,-,-,-,-,√,√,-,-
NEGERI,15,Hari Keputeraan Sultan Terengganu,26 April,Ahad,-,-,-,-,-,-,-,-,-,-,-,-,-,-,-,√
NEGERI,16,Hari Ulang Tahun Keputeraan Raja Perlis,17 Mei,Ahad,-,-,-,-,-,-,-,-,-,-,√,-,-,-,-,-
NEGERI,17,Hari Hol Almarhum Sultan Ahmad Shah Al-Musta'in Billah ibni Almarhum Sultan Abu Bakar,22 Mei,Jumaat,-,-,-,-,-,-,-,-,√,-,-,-,-,-,-,-
NEGERI,18,Hari Arafah,26 Mei,Selasa,-,-,-,-,-,√,-,-,-,-,-,-,-,-,-,√
NEGERI,19,Hari Raya Qurban (Hari Kedua) *,28 Mei,Khamis,-,-,-,-,√,-,-,-,-,-,√,-,-,-,-,-
NEGERI,20,Pesta Kaamatan (Pesta Menuai),30 Mei,Sabtu,-,√,-,-,-,-,-,-,-,-,-,-,√,-,-,-
NEGERI,21,Pesta Kaamatan (Pesta Menuai),31 Mei,Ahad,-,√,-,-,-,-,-,-,-,-,-,-,√,-,-,-
NEGERI,22,Perayaan Hari Gawai Dayak,1 Jun,Isnin,-,-,-,-,-,-,-,-,-,-,-,-,-,√,-,-
NEGERI,23,Perayaan Hari Gawai Dayak,2 Jun,Selasa,-,-,-,-,-,-,-,-,-,-,-,-,-,√,-,-
NEGERI,24,Hari Keputeraan Sultan Kedah,21 Jun,Ahad,-,-,-,-,√,-,-,-,-,-,-,-,-,-,-,-
NEGERI,25,Hari Ulang Tahun Perisytiharan Tapak Warisan Dunia,7 Julai,Selasa,-,-,-,-,-,-,-,-,-,-,-,√,-,-,-,-
NEGERI,26,Hari Jadi Yang di-Pertua Negeri Pulau Pinang,11 Julai,Sabtu,-,-,-,-,-,-,-,-,-,-,-,√,-,-,-,-
NEGERI,27,Hari Hol Almarhum Sultan Iskandar,21 Julai,Selasa,-,-,-,√,-,-,-,-,-,-,-,-,-,-,-,-
NEGERI,28,Hari Kemerdekaan Sarawak,22 Julai,Rabu,-,-,-,-,-,-,-,-,-,-,-,-,-,√,-,-
NEGERI,29,Hari Keputeraan Sultan Pahang,31 Julai,Jumaat,-,-,-,-,-,-,-,-,√,-,-,-,-,-,-,-
NEGERI,30,Hari Jadi Yang di-Pertua Negeri Melaka,24 Ogos,Isnin,-,-,-,-,-,-,√,-,-,-,-,-,-,-,-,-
NEGERI,31,Hari Keputeraan Sultan Kelantan,29 September,Selasa,-,-,-,-,-,√,-,-,-,-,-,-,-,-,-,-
NEGERI,32,Hari Keputeraan Sultan Kelantan,30 September,Rabu,-,-,-,-,-,√,-,-,-,-,-,-,-,-,-,-
NEGERI,33,Hari Jadi Yang di-Pertua Negeri Sarawak,10 Oktober,Sabtu,-,-,-,-,-,-,-,-,-,-,-,-,-,√,-,-
NEGERI,34,Hari Keputeraan Sultan Perak,6 November,Jumaat,-,-,-,-,-,-,-,-,-,√,-,-,-,-,-,-
NEGERI,35,Hari Keputeraan Sultan Selangor,11 Disember,Jumaat,-,-,-,-,-,-,-,-,-,-,-,-,-,-,√,-
NEGERI,36,Christmas Eve,24 Disember,Khamis,-,-,-,-,-,-,-,-,-,-,-,-,√,-,-,-
